{
  "schemaVersion": 1,
  "id": "km7cb",
  "version": "1.0.0",

  "name": "Kingminer7 Minecraft Challenge base",
  "description": "Base for the Kingminer7 Minecraft Challenge Bse",
  "authors": [
    "Kingminer7"
  ],
  "contact": {
    "homepage": "",
    "sources": "https://github.com/KM7Studios/More-Tools-Source"
  },

  "license": "CC0-1.0",
  "icon": "assets/km7cb/icon.png",

  "environment": "*",
  "entrypoints": {
    "main": [
      "com.kingminer7.km7challengebase.Main"
    ]
  },
  "mixins": [

  ],

  "depends": {
    "fabricloader": ">=0.7.4",
    "fabric": "*",
    "minecraft": "1.16.x"
  },
  "suggests": {
    "another-mod": "*"
  }
}
